Country Name;Country Code;Indicator Name;Indicator Code;2013;2014;2015;2016;2017;2018;2019
Aruba;ABW;Indice de la solidité des garanties juridiques (0=faible et 12=solide);IC.LGL.CRED.XQ;;;;;;;
;AFE;Indice de la solidité des garanties juridiques (0=faible et 12=solide);IC.LGL.CRED.XQ;4;4,04;3,923076923;4,076923077;4,307692308;4,538461538;4,538461538
Afghanistan;AFG;Indice de la solidité des garanties juridiques (0=faible et 12=solide);IC.LGL.CRED.XQ;9;9;9;9;9;10;10
;AFW;Indice de la solidité des garanties juridiques (0=faible et 12=solide);IC.LGL.CRED.XQ;5,409090909;5,409090909;5,590909091;5,681818182;5,863636364;5,863636364;5,863636364
Angola;AGO;Indice de la solidité des garanties juridiques (0=faible et 12=solide);IC.LGL.CRED.XQ;1;1;1;1;1;1;1
Albanie;ALB;Indice de la solidité des garanties juridiques (0=faible et 12=solide);IC.LGL.CRED.XQ;7;6;6;6;8;8;8
Andorre;AND;Indice de la solidité des garanties juridiques (0=faible et 12=solide);IC.LGL.CRED.XQ;;;;;;;
Émirats arabes unis;ARE;Indice de la solidité des garanties juridiques (0=faible et 12=solide);IC.LGL.CRED.XQ;2;2;2;2;2;6;6
Argentine;ARG;Indice de la solidité des garanties juridiques (0=faible et 12=solide);IC.LGL.CRED.XQ;2;2;2;2;2;2;2
Arménie;ARM;Indice de la solidité des garanties juridiques (0=faible et 12=solide);IC.LGL.CRED.XQ;4;4;4;6;6;6;6
Samoa américaines;ASM;Indice de la solidité des garanties juridiques (0=faible et 12=solide);IC.LGL.CRED.XQ;;;;;;;
Antigua-et-Barbuda;ATG;Indice de la solidité des garanties juridiques (0=faible et 12=solide);IC.LGL.CRED.XQ;5;5;5;5;5;5;5
Australie;AUS;Indice de la solidité des garanties juridiques (0=faible et 12=solide);IC.LGL.CRED.XQ;11;11;11;11;11;11;11
Autriche;AUT;Indice de la solidité des garanties juridiques (0=faible et 12=solide);IC.LGL.CRED.XQ;4;4;4;4;4;4;4
Azerbaïdjan;AZE;Indice de la solidité des garanties juridiques (0=faible et 12=solide);IC.LGL.CRED.XQ;2;2;2;2;2;8;12
Burundi;BDI;Indice de la solidité des garanties juridiques (0=faible et 12=solide);IC.LGL.CRED.XQ;2;2;2;2;2;2;2
Belgique;BEL;Indice de la solidité des garanties juridiques (0=faible et 12=solide);IC.LGL.CRED.XQ;4;4;4;4;4;8;8
Bénin;BEN;Indice de la solidité des garanties juridiques (0=faible et 12=solide);IC.LGL.CRED.XQ;6;6;6;6;6;6;6
Burkina Faso;BFA;Indice de la solidité des garanties juridiques (0=faible et 12=solide);IC.LGL.CRED.XQ;6;6;6;6;6;6;6
Bangladesh;BGD;Indice de la solidité des garanties juridiques (0=faible et 12=solide);IC.LGL.CRED.XQ;5;5;5;5;5;5;5
Bulgarie;BGR;Indice de la solidité des garanties juridiques (0=faible et 12=solide);IC.LGL.CRED.XQ;8;8;8;8;8;8;8
Bahreïn;BHR;Indice de la solidité des garanties juridiques (0=faible et 12=solide);IC.LGL.CRED.XQ;1;1;1;1;1;1;3
Bahamas;BHS;Indice de la solidité des garanties juridiques (0=faible et 12=solide);IC.LGL.CRED.XQ;6;6;6;6;6;6;6
Bosnie-Herzégovine;BIH;Indice de la solidité des garanties juridiques (0=faible et 12=solide);IC.LGL.CRED.XQ;7;7;7;7;7;7;7
Bélarus;BLR;Indice de la solidité des garanties juridiques (0=faible et 12=solide);IC.LGL.CRED.XQ;1;1;1;1;3;3;3
Belize;BLZ;Indice de la solidité des garanties juridiques (0=faible et 12=solide);IC.LGL.CRED.XQ;4;4;4;4;4;4;4
Bermudes;BMU;Indice de la solidité des garanties juridiques (0=faible et 12=solide);IC.LGL.CRED.XQ;;;;;;;
Bolivie;BOL;Indice de la solidité des garanties juridiques (0=faible et 12=solide);IC.LGL.CRED.XQ;0;0;0;0;0;0;0
Brésil;BRA;Indice de la solidité des garanties juridiques (0=faible et 12=solide);IC.LGL.CRED.XQ;2;2;2;2;2;2;2
Barbade;BRB;Indice de la solidité des garanties juridiques (0=faible et 12=solide);IC.LGL.CRED.XQ;6;6;6;6;6;6;6
Brunéi Darussalam;BRN;Indice de la solidité des garanties juridiques (0=faible et 12=solide);IC.LGL.CRED.XQ;4;4;4;5;12;12;12
Bhoutan;BTN;Indice de la solidité des garanties juridiques (0=faible et 12=solide);IC.LGL.CRED.XQ;4;4;4;4;4;4;4
Botswana;BWA;Indice de la solidité des garanties juridiques (0=faible et 12=solide);IC.LGL.CRED.XQ;5;5;5;5;5;5;5
République centrafricaine;CAF;Indice de la solidité des garanties juridiques (0=faible et 12=solide);IC.LGL.CRED.XQ;6;6;6;6;6;6;6
Canada;CAN;Indice de la solidité des garanties juridiques (0=faible et 12=solide);IC.LGL.CRED.XQ;9;9;9;9;9;9;9
Europe centrale et les pays baltes;CEB;Indice de la solidité des garanties juridiques (0=faible et 12=solide);IC.LGL.CRED.XQ;6,545454545;7;7;7;7;7;7
Suisse;CHE;Indice de la solidité des garanties juridiques (0=faible et 12=solide);IC.LGL.CRED.XQ;6;6;6;6;6;6;6
Îles Anglo-Normandes;CHI;Indice de la solidité des garanties juridiques (0=faible et 12=solide);IC.LGL.CRED.XQ;;;;;;;
Chili;CHL;Indice de la solidité des garanties juridiques (0=faible et 12=solide);IC.LGL.CRED.XQ;4;4;4;4;4;4;4
Chine;CHN;Indice de la solidité des garanties juridiques (0=faible et 12=solide);IC.LGL.CRED.XQ;3;3;3;3;3;3;3
Côte d'Ivoire;CIV;Indice de la solidité des garanties juridiques (0=faible et 12=solide);IC.LGL.CRED.XQ;6;6;6;6;6;6;6
Cameroun;CMR;Indice de la solidité des garanties juridiques (0=faible et 12=solide);IC.LGL.CRED.XQ;6;6;6;6;6;6;6
Congo, République démocratique du;COD;Indice de la solidité des garanties juridiques (0=faible et 12=solide);IC.LGL.CRED.XQ;6;6;6;6;6;6;6
Congo, République du;COG;Indice de la solidité des garanties juridiques (0=faible et 12=solide);IC.LGL.CRED.XQ;6;6;6;6;6;6;6
Colombie;COL;Indice de la solidité des garanties juridiques (0=faible et 12=solide);IC.LGL.CRED.XQ;3;11;11;11;11;11;11
Comores;COM;Indice de la solidité des garanties juridiques (0=faible et 12=solide);IC.LGL.CRED.XQ;6;6;6;6;6;6;6
Cabo Verde;CPV;Indice de la solidité des garanties juridiques (0=faible et 12=solide);IC.LGL.CRED.XQ;1;1;1;1;1;1;1
Costa Rica;CRI;Indice de la solidité des garanties juridiques (0=faible et 12=solide);IC.LGL.CRED.XQ;2;2;10;10;10;10;10
Petits états des Caraïbes;CSS;Indice de la solidité des garanties juridiques (0=faible et 12=solide);IC.LGL.CRED.XQ;5;5,384615385;5,307692308;5,307692308;5,307692308;5,307692308;5,307692308
Cuba;CUB;Indice de la solidité des garanties juridiques (0=faible et 12=solide);IC.LGL.CRED.XQ;;;;;;;
Curacao;CUW;Indice de la solidité des garanties juridiques (0=faible et 12=solide);IC.LGL.CRED.XQ;;;;;;;
Îles Caïmans;CYM;Indice de la solidité des garanties juridiques (0=faible et 12=solide);IC.LGL.CRED.XQ;;;;;;;
Chypre;CYP;Indice de la solidité des garanties juridiques (0=faible et 12=solide);IC.LGL.CRED.XQ;7;7;7;7;7;7;7
République tchèque;CZE;Indice de la solidité des garanties juridiques (0=faible et 12=solide);IC.LGL.CRED.XQ;5;7;7;7;7;7;7
Allemagne;DEU;Indice de la solidité des garanties juridiques (0=faible et 12=solide);IC.LGL.CRED.XQ;6;6;6;6;6;6;6
Djibouti;DJI;Indice de la solidité des garanties juridiques (0=faible et 12=solide);IC.LGL.CRED.XQ;1;1;1;1;1;5;8
Dominique;DMA;Indice de la solidité des garanties juridiques (0=faible et 12=solide);IC.LGL.CRED.XQ;6;6;6;6;6;6;6
Danemark;DNK;Indice de la solidité des garanties juridiques (0=faible et 12=solide);IC.LGL.CRED.XQ;8;8;8;8;8;8;8
République dominicaine;DOM;Indice de la solidité des garanties juridiques (0=faible et 12=solide);IC.LGL.CRED.XQ;1;1;1;1;1;1;1
Algérie;DZA;Indice de la solidité des garanties juridiques (0=faible et 12=solide);IC.LGL.CRED.XQ;2;2;2;2;2;2;2
Asie de l’Est et Pacifique (hors revenu élevé);EAP;Indice de la solidité des garanties juridiques (0=faible et 12=solide);IC.LGL.CRED.XQ;5,761904762;5,952380952;6;6,380952381;7;7;7
de dividende précoce démographique;EAR;Indice de la solidité des garanties juridiques (0=faible et 12=solide);IC.LGL.CRED.XQ;3,786885246;3,901639344;4,131147541;4,262295082;4,606557377;4,819672131;5,295081967
Asie de l’Est et Pacifique;EAS;Indice de la solidité des garanties juridiques (0=faible et 12=solide);IC.LGL.CRED.XQ;6,103448276;6,24137931;6,310344828;6,551724138;7,24137931;7,24137931;7,24137931
Europe et Asie centrale (hors revenu élevé);ECA;Indice de la solidité des garanties juridiques (0=faible et 12=solide);IC.LGL.CRED.XQ;5,578947368;5,526315789;6;6,263157895;6,947368421;7,421052632;8,263157895
Europe et Asie centrale;ECS;Indice de la solidité des garanties juridiques (0=faible et 12=solide);IC.LGL.CRED.XQ;5,346938776;5,428571429;5,612244898;5,714285714;5,979591837;6,18;6,5
Équateur;ECU;Indice de la solidité des garanties juridiques (0=faible et 12=solide);IC.LGL.CRED.XQ;1;1;1;1;1;1;1
Égypte, République arabe d’;EGY;Indice de la solidité des garanties juridiques (0=faible et 12=solide);IC.LGL.CRED.XQ;2;2;2;2;2;5;5
Zone euro;EMU;Indice de la solidité des garanties juridiques (0=faible et 12=solide);IC.LGL.CRED.XQ;4,65;4,65;4,65;4,65;4,65;4,85;4,85
Érythrée;ERI;Indice de la solidité des garanties juridiques (0=faible et 12=solide);IC.LGL.CRED.XQ;0;0;0;0;0;0;0
Espagne;ESP;Indice de la solidité des garanties juridiques (0=faible et 12=solide);IC.LGL.CRED.XQ;5;5;5;5;5;5;5
Estonie;EST;Indice de la solidité des garanties juridiques (0=faible et 12=solide);IC.LGL.CRED.XQ;7;7;7;7;7;7;7
Éthiopie;ETH;Indice de la solidité des garanties juridiques (0=faible et 12=solide);IC.LGL.CRED.XQ;3;3;3;3;3;3;3
Union européenne;EUU;Indice de la solidité des garanties juridiques (0=faible et 12=solide);IC.LGL.CRED.XQ;5,296296296;5,481481481;5,481481481;5,481481481;5,481481481;5,62962963;5,62962963
Fragile et les situations de conflit touchées;FCS;Indice de la solidité des garanties juridiques (0=faible et 12=solide);IC.LGL.CRED.XQ;4,257142857;4,257142857;4,138888889;4,305555556;4,666666667;4,75;4,722222222
Finlande;FIN;Indice de la solidité des garanties juridiques (0=faible et 12=solide);IC.LGL.CRED.XQ;6;6;6;6;6;6;6
Fidji;FJI;Indice de la solidité des garanties juridiques (0=faible et 12=solide);IC.LGL.CRED.XQ;5;5;5;5;5;5;5
France;FRA;Indice de la solidité des garanties juridiques (0=faible et 12=solide);IC.LGL.CRED.XQ;4;4;4;4;4;4;4
Îles Féroé;FRO;Indice de la solidité des garanties juridiques (0=faible et 12=solide);IC.LGL.CRED.XQ;;;;;;;
Micronésie, États fédérés de;FSM;Indice de la solidité des garanties juridiques (0=faible et 12=solide);IC.LGL.CRED.XQ;10;10;10;10;10;10;10
Gabon;GAB;Indice de la solidité des garanties juridiques (0=faible et 12=solide);IC.LGL.CRED.XQ;6;6;6;6;6;6;6
Royaume-Uni;GBR;Indice de la solidité des garanties juridiques (0=faible et 12=solide);IC.LGL.CRED.XQ;7;7;7;7;7;7;7
Géorgie;GEO;Indice de la solidité des garanties juridiques (0=faible et 12=solide);IC.LGL.CRED.XQ;9;9;9;9;9;9;9
Ghana;GHA;Indice de la solidité des garanties juridiques (0=faible et 12=solide);IC.LGL.CRED.XQ;6;6;6;6;6;6;6
Gibraltar;GIB;Indice de la solidité des garanties juridiques (0=faible et 12=solide);IC.LGL.CRED.XQ;;;;;;;
Guinée;GIN;Indice de la solidité des garanties juridiques (0=faible et 12=solide);IC.LGL.CRED.XQ;6;6;6;6;6;6;6
Gambie;GMB;Indice de la solidité des garanties juridiques (0=faible et 12=solide);IC.LGL.CRED.XQ;4;4;4;6;6;6;6
Guinée-Bissau;GNB;Indice de la solidité des garanties juridiques (0=faible et 12=solide);IC.LGL.CRED.XQ;6;6;6;6;6;6;6
Guinée équatoriale;GNQ;Indice de la solidité des garanties juridiques (0=faible et 12=solide);IC.LGL.CRED.XQ;6;6;6;6;6;6;6
Grèce;GRC;Indice de la solidité des garanties juridiques (0=faible et 12=solide);IC.LGL.CRED.XQ;2;2;2;2;2;2;2
Grenade;GRD;Indice de la solidité des garanties juridiques (0=faible et 12=solide);IC.LGL.CRED.XQ;6;6;6;6;6;6;6
Groenland;GRL;Indice de la solidité des garanties juridiques (0=faible et 12=solide);IC.LGL.CRED.XQ;;;;;;;
Guatemala;GTM;Indice de la solidité des garanties juridiques (0=faible et 12=solide);IC.LGL.CRED.XQ;9;9;9;9;9;9;9
Guam;GUM;Indice de la solidité des garanties juridiques (0=faible et 12=solide);IC.LGL.CRED.XQ;;;;;;;
Guyana;GUY;Indice de la solidité des garanties juridiques (0=faible et 12=solide);IC.LGL.CRED.XQ;3;3;3;3;3;3;3
Revenu élevé;HIC;Indice de la solidité des garanties juridiques (0=faible et 12=solide);IC.LGL.CRED.XQ;5,13559322;5,288135593;5,305084746;5,288135593;5,440677966;5,533333333;5,6
Chine, RAS de Hong Kong;HKG;Indice de la solidité des garanties juridiques (0=faible et 12=solide);IC.LGL.CRED.XQ;7;7;8;8;8;8;8
Honduras;HND;Indice de la solidité des garanties juridiques (0=faible et 12=solide);IC.LGL.CRED.XQ;9;8;8;8;8;8;8
Pays pauvres très endettés (PPTE);HPC;Indice de la solidité des garanties juridiques (0=faible et 12=solide);IC.LGL.CRED.XQ;4,657894737;4,657894737;4,666666667;4,820512821;5;5,128205128;5,076923077
Croatie;HRV;Indice de la solidité des garanties juridiques (0=faible et 12=solide);IC.LGL.CRED.XQ;5;5;5;5;5;5;5
Haïti;HTI;Indice de la solidité des garanties juridiques (0=faible et 12=solide);IC.LGL.CRED.XQ;2;2;2;2;2;2;2
Hongrie;HUN;Indice de la solidité des garanties juridiques (0=faible et 12=solide);IC.LGL.CRED.XQ;6;9;9;9;9;9;9
BIRD seulement;IBD;Indice de la solidité des garanties juridiques (0=faible et 12=solide);IC.LGL.CRED.XQ;4,28358209;4,507462687;4,805970149;4,895522388;5,223880597;5,417910448;5,671641791
BIRD et IDA;IBT;Indice de la solidité des garanties juridiques (0=faible et 12=solide);IC.LGL.CRED.XQ;4,535714286;4,671428571;4,85106383;4,985815603;5,290780142;5,468085106;5,680851064
IDA totale;IDA;Indice de la solidité des garanties juridiques (0=faible et 12=solide);IC.LGL.CRED.XQ;4,767123288;4,821917808;4,891891892;5,067567568;5,351351351;5,513513514;5,689189189
IDA mélange;IDB;Indice de la solidité des garanties juridiques (0=faible et 12=solide);IC.LGL.CRED.XQ;4,266666667;4,266666667;4,6;5;5,2;5,4;5,533333333
Indonésie;IDN;Indice de la solidité des garanties juridiques (0=faible et 12=solide);IC.LGL.CRED.XQ;4;4;5;6;6;6;6
IDA seulement;IDX;Indice de la solidité des garanties juridiques (0=faible et 12=solide);IC.LGL.CRED.XQ;4,896551724;4,965517241;4,966101695;5,084745763;5,389830508;5,542372881;5,728813559
Île de Man;IMN;Indice de la solidité des garanties juridiques (0=faible et 12=solide);IC.LGL.CRED.XQ;;;;;;;
Inde;IND;Indice de la solidité des garanties juridiques (0=faible et 12=solide);IC.LGL.CRED.XQ;6;6;6;6;8;9;9
Non classifié;INX;Indice de la solidité des garanties juridiques (0=faible et 12=solide);IC.LGL.CRED.XQ;;;;;;;
Irlande;IRL;Indice de la solidité des garanties juridiques (0=faible et 12=solide);IC.LGL.CRED.XQ;7;7;7;7;7;7;7
Iran, République islamique d’;IRN;Indice de la solidité des garanties juridiques (0=faible et 12=solide);IC.LGL.CRED.XQ;2;2;2;2;2;2;2
Iraq;IRQ;Indice de la solidité des garanties juridiques (0=faible et 12=solide);IC.LGL.CRED.XQ;0;0;0;0;0;0;0
Islande;ISL;Indice de la solidité des garanties juridiques (0=faible et 12=solide);IC.LGL.CRED.XQ;4;4;4;4;4;4;4
Israël;ISR;Indice de la solidité des garanties juridiques (0=faible et 12=solide);IC.LGL.CRED.XQ;6;6;6;6;6;6;6
Italie;ITA;Indice de la solidité des garanties juridiques (0=faible et 12=solide);IC.LGL.CRED.XQ;2;2;2;2;2;2;2
Jamaïque;JAM;Indice de la solidité des garanties juridiques (0=faible et 12=solide);IC.LGL.CRED.XQ;6;10;9;9;9;9;9
Jordanie;JOR;Indice de la solidité des garanties juridiques (0=faible et 12=solide);IC.LGL.CRED.XQ;0;0;0;0;0;0;11
Japon;JPN;Indice de la solidité des garanties juridiques (0=faible et 12=solide);IC.LGL.CRED.XQ;5;5;5;5;5;5;5
Kazakhstan;KAZ;Indice de la solidité des garanties juridiques (0=faible et 12=solide);IC.LGL.CRED.XQ;3;3;4;4;6;6;8
Kenya;KEN;Indice de la solidité des garanties juridiques (0=faible et 12=solide);IC.LGL.CRED.XQ;7;7;7;7;7;10;11
République kirghize;KGZ;Indice de la solidité des garanties juridiques (0=faible et 12=solide);IC.LGL.CRED.XQ;8;8;8;8;9;9;9
Cambodge;KHM;Indice de la solidité des garanties juridiques (0=faible et 12=solide);IC.LGL.CRED.XQ;10;10;10;10;10;10;10
Kiribati;KIR;Indice de la solidité des garanties juridiques (0=faible et 12=solide);IC.LGL.CRED.XQ;4;4;4;4;4;4;4
Saint-Kitts-et-Nevis;KNA;Indice de la solidité des garanties juridiques (0=faible et 12=solide);IC.LGL.CRED.XQ;5;5;5;5;5;5;5
Corée, République de;KOR;Indice de la solidité des garanties juridiques (0=faible et 12=solide);IC.LGL.CRED.XQ;5;5;5;5;5;5;5
Koweït;KWT;Indice de la solidité des garanties juridiques (0=faible et 12=solide);IC.LGL.CRED.XQ;1;1;1;1;1;1;1
Amérique latine et Caraïbes (hors revenu élevé);LAC;Indice de la solidité des garanties juridiques (0=faible et 12=solide);IC.LGL.CRED.XQ;3,863636364;4,363636364;5,045454545;5,045454545;5,045454545;5,090909091;5,090909091
République démocratique populaire lao;LAO;Indice de la solidité des garanties juridiques (0=faible et 12=solide);IC.LGL.CRED.XQ;2;6;6;6;6;6;6
Liban;LBN;Indice de la solidité des garanties juridiques (0=faible et 12=solide);IC.LGL.CRED.XQ;2;2;2;2;2;2;2
Libéria;LBR;Indice de la solidité des garanties juridiques (0=faible et 12=solide);IC.LGL.CRED.XQ;5;5;9;9;10;10;10
Libye;LBY;Indice de la solidité des garanties juridiques (0=faible et 12=solide);IC.LGL.CRED.XQ;0;0;0;0;0;0;0
Sainte-Lucie;LCA;Indice de la solidité des garanties juridiques (0=faible et 12=solide);IC.LGL.CRED.XQ;5;5;5;5;5;5;5
Amérique latine et Caraïbes;LCN;Indice de la solidité des garanties juridiques (0=faible et 12=solide);IC.LGL.CRED.XQ;4,242424242;4,696969697;5,151515152;5,151515152;5,212121212;5,242424242;5,242424242
Pays les moins avancés: classement de l’ONU;LDC;Indice de la solidité des garanties juridiques (0=faible et 12=solide);IC.LGL.CRED.XQ;4,372093023;4,488372093;4,5;4,636363636;4,886363636;5,068181818;5,090909091
Faible revenu;LIC;Indice de la solidité des garanties juridiques (0=faible et 12=solide);IC.LGL.CRED.XQ;4,291666667;4,333333333;4,36;4,6;4,72;4,88;4,8
Liechtenstein;LIE;Indice de la solidité des garanties juridiques (0=faible et 12=solide);IC.LGL.CRED.XQ;;;;;;3;3
Sri Lanka;LKA;Indice de la solidité des garanties juridiques (0=faible et 12=solide);IC.LGL.CRED.XQ;2;2;2;2;2;2;2
Revenu intermédiaire, tranche inférieure;LMC;Indice de la solidité des garanties juridiques (0=faible et 12=solide);IC.LGL.CRED.XQ;4,240740741;4,296296296;4,388888889;4,518518519;4,944444444;5,166666667;5,648148148
Revenu faible et intermédiaire;LMY;Indice de la solidité des garanties juridiques (0=faible et 12=solide);IC.LGL.CRED.XQ;4,496124031;4,612403101;4,807692308;4,953846154;5,338461538;5,530769231;5,761538462
Lesotho;LSO;Indice de la solidité des garanties juridiques (0=faible et 12=solide);IC.LGL.CRED.XQ;5;5;5;5;5;5;5
de dividende tardif démographique;LTE;Indice de la solidité des garanties juridiques (0=faible et 12=solide);IC.LGL.CRED.XQ;4,979166667;5,229166667;5,458333333;5,583333333;6,083333333;6,291666667;6,416666667
Lituanie;LTU;Indice de la solidité des garanties juridiques (0=faible et 12=solide);IC.LGL.CRED.XQ;6;6;6;6;6;6;6
Luxembourg;LUX;Indice de la solidité des garanties juridiques (0=faible et 12=solide);IC.LGL.CRED.XQ;3;3;3;3;3;3;3
Lettonie;LVA;Indice de la solidité des garanties juridiques (0=faible et 12=solide);IC.LGL.CRED.XQ;9;9;9;9;9;9;9
Région administrative spéciale de Macao, Chine;MAC;Indice de la solidité des garanties juridiques (0=faible et 12=solide);IC.LGL.CRED.XQ;;;;;;;
Saint-Martin (fr);MAF;Indice de la solidité des garanties juridiques (0=faible et 12=solide);IC.LGL.CRED.XQ;;;;;;;
Maroc;MAR;Indice de la solidité des garanties juridiques (0=faible et 12=solide);IC.LGL.CRED.XQ;2;2;2;2;2;2;2
Monaco;MCO;Indice de la solidité des garanties juridiques (0=faible et 12=solide);IC.LGL.CRED.XQ;;;;;;;
Moldova;MDA;Indice de la solidité des garanties juridiques (0=faible et 12=solide);IC.LGL.CRED.XQ;8;8;8;8;8;8;8
Madagascar;MDG;Indice de la solidité des garanties juridiques (0=faible et 12=solide);IC.LGL.CRED.XQ;1;1;2;2;2;2;2
Maldives;MDV;Indice de la solidité des garanties juridiques (0=faible et 12=solide);IC.LGL.CRED.XQ;2;2;2;2;2;2;2
Afrique du Nord et Moyen-Orient;MEA;Indice de la solidité des garanties juridiques (0=faible et 12=solide);IC.LGL.CRED.XQ;1,428571429;1,428571429;1,428571429;1,428571429;1,80952381;2,333333333;3,19047619
Mexique;MEX;Indice de la solidité des garanties juridiques (0=faible et 12=solide);IC.LGL.CRED.XQ;7;8;10;10;10;10;10
Îles Marshall;MHL;Indice de la solidité des garanties juridiques (0=faible et 12=solide);IC.LGL.CRED.XQ;10;10;10;10;10;10;10
Revenu intermédiaire;MIC;Indice de la solidité des garanties juridiques (0=faible et 12=solide);IC.LGL.CRED.XQ;4,542857143;4,676190476;4,914285714;5,038095238;5,485714286;5,685714286;5,99047619
Macédoine du Nord;MKD;Indice de la solidité des garanties juridiques (0=faible et 12=solide);IC.LGL.CRED.XQ;6;6;6;9;9;9;9
Mali;MLI;Indice de la solidité des garanties juridiques (0=faible et 12=solide);IC.LGL.CRED.XQ;6;6;6;6;6;6;6
Malte;MLT;Indice de la solidité des garanties juridiques (0=faible et 12=solide);IC.LGL.CRED.XQ;2;2;2;2;2;2;2
Myanmar;MMR;Indice de la solidité des garanties juridiques (0=faible et 12=solide);IC.LGL.CRED.XQ;2;2;2;2;2;2;2
Afrique du Nord et Moyen-Orient (hors revenu élevé);MNA;Indice de la solidité des garanties juridiques (0=faible et 12=solide);IC.LGL.CRED.XQ;1,153846154;1,153846154;1,153846154;1,153846154;1,769230769;2,307692308;3,384615385
Monténégro;MNE;Indice de la solidité des garanties juridiques (0=faible et 12=solide);IC.LGL.CRED.XQ;12;12;12;12;12;12;12
Mongolie;MNG;Indice de la solidité des garanties juridiques (0=faible et 12=solide);IC.LGL.CRED.XQ;5;5;5;5;9;9;9
Mariannes;MNP;Indice de la solidité des garanties juridiques (0=faible et 12=solide);IC.LGL.CRED.XQ;;;;;;;
Mozambique;MOZ;Indice de la solidité des garanties juridiques (0=faible et 12=solide);IC.LGL.CRED.XQ;1;1;1;1;1;1;1
Mauritanie;MRT;Indice de la solidité des garanties juridiques (0=faible et 12=solide);IC.LGL.CRED.XQ;2;2;2;2;2;2;2
Maurice;MUS;Indice de la solidité des garanties juridiques (0=faible et 12=solide);IC.LGL.CRED.XQ;6;6;6;6;6;6;6
Malawi;MWI;Indice de la solidité des garanties juridiques (0=faible et 12=solide);IC.LGL.CRED.XQ;5;5;5;9;11;11;11
Malaisie;MYS;Indice de la solidité des garanties juridiques (0=faible et 12=solide);IC.LGL.CRED.XQ;7;7;7;7;7;7;7
Amérique du Nord;NAC;Indice de la solidité des garanties juridiques (0=faible et 12=solide);IC.LGL.CRED.XQ;10;10;10;10;10;10;10
Namibie;NAM;Indice de la solidité des garanties juridiques (0=faible et 12=solide);IC.LGL.CRED.XQ;5;5;5;5;5;5;5
Nouvelle-Calédonie;NCL;Indice de la solidité des garanties juridiques (0=faible et 12=solide);IC.LGL.CRED.XQ;;;;;;;
Niger;NER;Indice de la solidité des garanties juridiques (0=faible et 12=solide);IC.LGL.CRED.XQ;6;6;6;6;6;6;6
Nigéria;NGA;Indice de la solidité des garanties juridiques (0=faible et 12=solide);IC.LGL.CRED.XQ;6;6;6;6;9;9;9
Nicaragua;NIC;Indice de la solidité des garanties juridiques (0=faible et 12=solide);IC.LGL.CRED.XQ;1;1;1;1;1;2;2
Pays-Bas;NLD;Indice de la solidité des garanties juridiques (0=faible et 12=solide);IC.LGL.CRED.XQ;2;2;2;2;2;2;2
Norvège;NOR;Indice de la solidité des garanties juridiques (0=faible et 12=solide);IC.LGL.CRED.XQ;5;5;5;5;5;5;5
Népal;NPL;Indice de la solidité des garanties juridiques (0=faible et 12=solide);IC.LGL.CRED.XQ;6;6;6;6;10;10;10
Nauru;NRU;Indice de la solidité des garanties juridiques (0=faible et 12=solide);IC.LGL.CRED.XQ;;;;;;;
Nouvelle-Zélande;NZL;Indice de la solidité des garanties juridiques (0=faible et 12=solide);IC.LGL.CRED.XQ;12;12;12;12;12;12;12
Pays membres de l'OCDE;OED;Indice de la solidité des garanties juridiques (0=faible et 12=solide);IC.LGL.CRED.XQ;5,552631579;5,921052632;6,184210526;6,184210526;6,236842105;6,421052632;6,421052632
Oman;OMN;Indice de la solidité des garanties juridiques (0=faible et 12=solide);IC.LGL.CRED.XQ;1;1;1;1;1;1;1
Autres petits états;OSS;Indice de la solidité des garanties juridiques (0=faible et 12=solide);IC.LGL.CRED.XQ;3,923076923;3,923076923;3,923076923;4,038461538;4,307692308;4,461538462;4,653846154
Pakistan;PAK;Indice de la solidité des garanties juridiques (0=faible et 12=solide);IC.LGL.CRED.XQ;2;2;2;2;2;2;2
Panama;PAN;Indice de la solidité des garanties juridiques (0=faible et 12=solide);IC.LGL.CRED.XQ;4;7;7;7;8;8;8
Pérou;PER;Indice de la solidité des garanties juridiques (0=faible et 12=solide);IC.LGL.CRED.XQ;7;7;7;7;7;7;7
Philippines;PHL;Indice de la solidité des garanties juridiques (0=faible et 12=solide);IC.LGL.CRED.XQ;1;1;1;1;1;1;1
Palaos;PLW;Indice de la solidité des garanties juridiques (0=faible et 12=solide);IC.LGL.CRED.XQ;10;10;10;10;10;10;10
Papouasie-Nouvelle-Guinée;PNG;Indice de la solidité des garanties juridiques (0=faible et 12=solide);IC.LGL.CRED.XQ;3;3;3;9;9;9;9
Pologne;POL;Indice de la solidité des garanties juridiques (0=faible et 12=solide);IC.LGL.CRED.XQ;7;7;7;7;7;7;7
de Pré-dividende démographique;PRE;Indice de la solidité des garanties juridiques (0=faible et 12=solide);IC.LGL.CRED.XQ;4,611111111;4,611111111;4,621621622;4,783783784;5,054054054;5,216216216;5,189189189
Porto Rico;PRI;Indice de la solidité des garanties juridiques (0=faible et 12=solide);IC.LGL.CRED.XQ;11;11;11;11;12;12;12
Corée, République démocratique de;PRK;Indice de la solidité des garanties juridiques (0=faible et 12=solide);IC.LGL.CRED.XQ;;;;;;;
Portugal;PRT;Indice de la solidité des garanties juridiques (0=faible et 12=solide);IC.LGL.CRED.XQ;2;2;2;2;2;2;2
Paraguay;PRY;Indice de la solidité des garanties juridiques (0=faible et 12=solide);IC.LGL.CRED.XQ;2;1;1;1;1;1;1
Cisjordanie et Gaza;PSE;Indice de la solidité des garanties juridiques (0=faible et 12=solide);IC.LGL.CRED.XQ;0;0;0;0;8;8;8
Petits états insulaires du Pacifique;PSS;Indice de la solidité des garanties juridiques (0=faible et 12=solide);IC.LGL.CRED.XQ;8,222222222;8,222222222;8,222222222;8,333333333;8,777777778;8,777777778;8,777777778
de Post-dividende démographique;PST;Indice de la solidité des garanties juridiques (0=faible et 12=solide);IC.LGL.CRED.XQ;5,638888889;5,777777778;5,805555556;5,805555556;5,861111111;5,972222222;5,972222222
Polynésie française;PYF;Indice de la solidité des garanties juridiques (0=faible et 12=solide);IC.LGL.CRED.XQ;;;;;;;
Qatar;QAT;Indice de la solidité des garanties juridiques (0=faible et 12=solide);IC.LGL.CRED.XQ;1;1;1;1;1;1;1
Roumanie;ROU;Indice de la solidité des garanties juridiques (0=faible et 12=solide);IC.LGL.CRED.XQ;9;9;9;9;9;9;9
Fédération de Russie;RUS;Indice de la solidité des garanties juridiques (0=faible et 12=solide);IC.LGL.CRED.XQ;4;4;7;7;9;9;9
Rwanda;RWA;Indice de la solidité des garanties juridiques (0=faible et 12=solide);IC.LGL.CRED.XQ;9;10;10;10;10;11;11
Asie du Sud;SAS;Indice de la solidité des garanties juridiques (0=faible et 12=solide);IC.LGL.CRED.XQ;4,5;4,5;4,5;4,5;5,25;5,5;5,5
Arabie saoudite;SAU;Indice de la solidité des garanties juridiques (0=faible et 12=solide);IC.LGL.CRED.XQ;1;1;1;1;1;1;3
Soudan;SDN;Indice de la solidité des garanties juridiques (0=faible et 12=solide);IC.LGL.CRED.XQ;3;3;3;3;3;5;3
Sénégal;SEN;Indice de la solidité des garanties juridiques (0=faible et 12=solide);IC.LGL.CRED.XQ;6;6;6;6;6;6;6
Singapour;SGP;Indice de la solidité des garanties juridiques (0=faible et 12=solide);IC.LGL.CRED.XQ;8;8;8;8;8;8;8
Îles Salomon;SLB;Indice de la solidité des garanties juridiques (0=faible et 12=solide);IC.LGL.CRED.XQ;10;10;10;10;10;10;10
Sierra Leone;SLE;Indice de la solidité des garanties juridiques (0=faible et 12=solide);IC.LGL.CRED.XQ;5;5;5;5;5;5;5
El Salvador;SLV;Indice de la solidité des garanties juridiques (0=faible et 12=solide);IC.LGL.CRED.XQ;3;3;9;9;9;9;9
Saint-Marin;SMR;Indice de la solidité des garanties juridiques (0=faible et 12=solide);IC.LGL.CRED.XQ;1;1;1;1;1;1;1
Somalie;SOM;Indice de la solidité des garanties juridiques (0=faible et 12=solide);IC.LGL.CRED.XQ;;;0;0;0;0;0
Serbie;SRB;Indice de la solidité des garanties juridiques (0=faible et 12=solide);IC.LGL.CRED.XQ;6;6;6;6;6;6;6
Afrique subsaharienne (hors revenu élevé);SSA;Indice de la solidité des garanties juridiques (0=faible et 12=solide);IC.LGL.CRED.XQ;4,717391304;4,739130435;4,744680851;4,872340426;5,085106383;5,212765957;5,212765957
Soudan du Sud;SSD;Indice de la solidité des garanties juridiques (0=faible et 12=solide);IC.LGL.CRED.XQ;2;2;2;2;2;2;2
Afrique subsaharienne;SSF;Indice de la solidité des garanties juridiques (0=faible et 12=solide);IC.LGL.CRED.XQ;4,659574468;4,680851064;4,6875;4,8125;5,020833333;5,145833333;5,145833333
Petits états;SST;Indice de la solidité des garanties juridiques (0=faible et 12=solide);IC.LGL.CRED.XQ;5,020833333;5,125;5,104166667;5,1875;5,416666667;5,5;5,604166667
Sao Tomé-et-Principe;STP;Indice de la solidité des garanties juridiques (0=faible et 12=solide);IC.LGL.CRED.XQ;0;0;0;0;0;0;0
Suriname;SUR;Indice de la solidité des garanties juridiques (0=faible et 12=solide);IC.LGL.CRED.XQ;2;2;2;2;2;2;2
République slovaque;SVK;Indice de la solidité des garanties juridiques (0=faible et 12=solide);IC.LGL.CRED.XQ;7;7;7;7;7;7;7
Slovénie;SVN;Indice de la solidité des garanties juridiques (0=faible et 12=solide);IC.LGL.CRED.XQ;3;3;3;3;3;3;3
Suède;SWE;Indice de la solidité des garanties juridiques (0=faible et 12=solide);IC.LGL.CRED.XQ;7;7;7;7;7;7;7
Eswatini;SWZ;Indice de la solidité des garanties juridiques (0=faible et 12=solide);IC.LGL.CRED.XQ;4;4;4;4;4;4;4
Sint Maarten (Dutch part);SXM;Indice de la solidité des garanties juridiques (0=faible et 12=solide);IC.LGL.CRED.XQ;;;;;;;
Seychelles;SYC;Indice de la solidité des garanties juridiques (0=faible et 12=solide);IC.LGL.CRED.XQ;2;2;2;2;2;2;2
République arabe syrienne;SYR;Indice de la solidité des garanties juridiques (0=faible et 12=solide);IC.LGL.CRED.XQ;1;1;1;1;1;1;1
Îles Turques-et-Caïques;TCA;Indice de la solidité des garanties juridiques (0=faible et 12=solide);IC.LGL.CRED.XQ;;;;;;;
Tchad;TCD;Indice de la solidité des garanties juridiques (0=faible et 12=solide);IC.LGL.CRED.XQ;6;6;6;6;6;6;6
Asie de l’Est et Pacifique (BIRD et IDA);TEA;Indice de la solidité des garanties juridiques (0=faible et 12=solide);IC.LGL.CRED.XQ;5,761904762;5,952380952;6;6,380952381;7;7;7
Europe et Asie centrale (BIRD et IDA);TEC;Indice de la solidité des garanties juridiques (0=faible et 12=solide);IC.LGL.CRED.XQ;5,772727273;5,727272727;6,136363636;6,363636364;6,954545455;7,363636364;8,090909091
Togo;TGO;Indice de la solidité des garanties juridiques (0=faible et 12=solide);IC.LGL.CRED.XQ;6;6;6;6;6;6;6
Thaïlande;THA;Indice de la solidité des garanties juridiques (0=faible et 12=solide);IC.LGL.CRED.XQ;3;3;3;3;7;7;7
Tadjikistan;TJK;Indice de la solidité des garanties juridiques (0=faible et 12=solide);IC.LGL.CRED.XQ;1;1;1;1;1;1;11
Turkménistan;TKM;Indice de la solidité des garanties juridiques (0=faible et 12=solide);IC.LGL.CRED.XQ;;;;;;;
Amérique latine et Caraïbes (BIRD et IDA);TLA;Indice de la solidité des garanties juridiques (0=faible et 12=solide);IC.LGL.CRED.XQ;3,9;4,4;4,9;4,9;4,933333333;4,966666667;4,966666667
Timor-Leste;TLS;Indice de la solidité des garanties juridiques (0=faible et 12=solide);IC.LGL.CRED.XQ;0;0;0;0;0;0;0
Afrique du Nord et Moyen-Orient (BIRD et IDA);TMN;Indice de la solidité des garanties juridiques (0=faible et 12=solide);IC.LGL.CRED.XQ;1,25;1,25;1,25;1,25;1,25;1,833333333;3
Tonga;TON;Indice de la solidité des garanties juridiques (0=faible et 12=solide);IC.LGL.CRED.XQ;10;10;10;10;10;10;10
Asie du Sud (BIRD et IDA);TSA;Indice de la solidité des garanties juridiques (0=faible et 12=solide);IC.LGL.CRED.XQ;4,5;4,5;4,5;4,5;5,25;5,5;5,5
Afrique subsaharienne (BIRD et IDA);TSS;Indice de la solidité des garanties juridiques (0=faible et 12=solide);IC.LGL.CRED.XQ;4,659574468;4,680851064;4,6875;4,8125;5,020833333;5,145833333;5,145833333
Trinité-et-Tobago;TTO;Indice de la solidité des garanties juridiques (0=faible et 12=solide);IC.LGL.CRED.XQ;6;7;7;7;7;7;7
Tunisie;TUN;Indice de la solidité des garanties juridiques (0=faible et 12=solide);IC.LGL.CRED.XQ;3;3;3;3;3;3;3
Turquie;TUR;Indice de la solidité des garanties juridiques (0=faible et 12=solide);IC.LGL.CRED.XQ;2;2;2;2;4;7;7
Tuvalu;TUV;Indice de la solidité des garanties juridiques (0=faible et 12=solide);IC.LGL.CRED.XQ;;;;;;;
Tanzanie;TZA;Indice de la solidité des garanties juridiques (0=faible et 12=solide);IC.LGL.CRED.XQ;5;5;5;5;5;5;5
Ouganda;UGA;Indice de la solidité des garanties juridiques (0=faible et 12=solide);IC.LGL.CRED.XQ;5;5;5;5;5;5;5
Ukraine;UKR;Indice de la solidité des garanties juridiques (0=faible et 12=solide);IC.LGL.CRED.XQ;8;8;8;8;8;8;8
Revenu intermédiaire, tranche supérieure;UMC;Indice de la solidité des garanties juridiques (0=faible et 12=solide);IC.LGL.CRED.XQ;4,862745098;5,078431373;5,470588235;5,588235294;6,058823529;6,235294118;6,352941176
Uruguay;URY;Indice de la solidité des garanties juridiques (0=faible et 12=solide);IC.LGL.CRED.XQ;4;4;4;4;4;4;4
États-Unis;USA;Indice de la solidité des garanties juridiques (0=faible et 12=solide);IC.LGL.CRED.XQ;11;11;11;11;11;11;11
Ouzbékistan;UZB;Indice de la solidité des garanties juridiques (0=faible et 12=solide);IC.LGL.CRED.XQ;1;1;6;6;6;6;6
Saint-Vincent-et-les Grenadines;VCT;Indice de la solidité des garanties juridiques (0=faible et 12=solide);IC.LGL.CRED.XQ;5;5;5;5;5;5;5
Venezuela;VEN;Indice de la solidité des garanties juridiques (0=faible et 12=solide);IC.LGL.CRED.XQ;1;1;1;1;1;1;1
Îles Vierges britanniques;VGB;Indice de la solidité des garanties juridiques (0=faible et 12=solide);IC.LGL.CRED.XQ;;;;;;;
Îles Vierges (EU);VIR;Indice de la solidité des garanties juridiques (0=faible et 12=solide);IC.LGL.CRED.XQ;;;;;;;
Viet Nam;VNM;Indice de la solidité des garanties juridiques (0=faible et 12=solide);IC.LGL.CRED.XQ;7;7;7;7;8;8;8
Vanuatu;VUT;Indice de la solidité des garanties juridiques (0=faible et 12=solide);IC.LGL.CRED.XQ;10;10;10;11;11;11;11
Monde;WLD;Indice de la solidité des garanties juridiques (0=faible et 12=solide);IC.LGL.CRED.XQ;4,677248677;4,804232804;4,942105263;5,036842105;5,347368421;5,507853403;5,685863874
Samoa;WSM;Indice de la solidité des garanties juridiques (0=faible et 12=solide);IC.LGL.CRED.XQ;5;5;5;5;9;9;9
Kosovo;XKX;Indice de la solidité des garanties juridiques (0=faible et 12=solide);IC.LGL.CRED.XQ;9;9;9;9;11;11;11
Yémen, Rép. du;YEM;Indice de la solidité des garanties juridiques (0=faible et 12=solide);IC.LGL.CRED.XQ;0;0;0;0;0;0;0
Afrique du Sud;ZAF;Indice de la solidité des garanties juridiques (0=faible et 12=solide);IC.LGL.CRED.XQ;5;5;5;5;5;5;5
Zambie;ZMB;Indice de la solidité des garanties juridiques (0=faible et 12=solide);IC.LGL.CRED.XQ;7;7;7;7;11;11;11
Zimbabwe;ZWE;Indice de la solidité des garanties juridiques (0=faible et 12=solide);IC.LGL.CRED.XQ;5;5;5;5;5;5;6